{
  "timestamp": "2026-01-18T00:08:14.994378",
  "discoveries": [
    "High-SI regime is very sticky in BTCUSDT (P=80%)",
    "High-SI regime is very sticky in EURUSD (P=81%)",
    "SI mean reverts quickly in BTCUSDT (half-life=4.1 days)",
    "SI mean reverts quickly in SPY (half-life=4.7 days)",
    "SI mean reverts quickly in EURUSD (half-life=4.9 days)",
    "SI extremes predict different returns in BTCUSDT (spread=1.2bp)"
  ],
  "results": {
    "mutual_info": {
      "BTCUSDT": {
        "adx": {
          "spearman": 0.12298781899016137,
          "mutual_info": 0.038333309434163416,
          "nonlinear_ratio": 0.28824677120992087
        },
        "rsi": {
          "spearman": 0.08743026328433669,
          "mutual_info": 0.06704856140256926,
          "nonlinear_ratio": 0.688169765146763
        },
        "volatility": {
          "spearman": -0.1009534967180303,
          "mutual_info": 0.03129193759952813,
          "nonlinear_ratio": 0.28202750273883964
        }
      },
      "SPY": {
        "adx": {
          "spearman": 0.07033051330468977,
          "mutual_info": 0.06256228478165257,
          "nonlinear_ratio": 0.7788109674384482
        },
        "rsi": {
          "spearman": 0.2983200302898814,
          "mutual_info": 0.12600191253044152,
          "nonlinear_ratio": 0.4086724836267529
        },
        "volatility": {
          "spearman": -0.1895635179453028,
          "mutual_info": 0.04567978476357191,
          "nonlinear_ratio": 0.22889847419953788
        }
      },
      "EURUSD": {
        "adx": {
          "spearman": 0.15898843316565234,
          "mutual_info": 0.053098152041436066,
          "nonlinear_ratio": 0.31421175430028486
        },
        "rsi": {
          "spearman": -0.017995931162598774,
          "mutual_info": 0.10187853575216295,
          "nonlinear_ratio": 3.639047944519445
        },
        "volatility": {
          "spearman": -0.19854368466558595,
          "mutual_info": 0.08093292050330386,
          "nonlinear_ratio": 0.3880861730868778
        }
      }
    },
    "dtw": {
      "BTCUSDT-EURUSD": {
        "dtw_distance": 214.5991426499093,
        "euclidean": 34.763559604974624,
        "dtw_ratio": 6.171330893004387
      }
    },
    "beta_stability": {
      "BTCUSDT": {
        "adx": {
          "mean_beta": 5.101221441436328e-05,
          "std_beta": 0.0002513704262637167,
          "stability": 0.04076507910345393,
          "sign_flip_rate": 0.03162737205290397
        },
        "volatility": {
          "mean_beta": -0.2666687123612385,
          "std_beta": 0.4938054092868564,
          "stability": 0.5389365341530474,
          "sign_flip_rate": 0.03622771707878091
        }
      },
      "SPY": {
        "adx": {
          "mean_beta": -1.6915474513551668e-05,
          "std_beta": 0.000425295280612009,
          "stability": 0.01186804919910232,
          "sign_flip_rate": 0.023096663815226688
        },
        "volatility": {
          "mean_beta": -1.7291856395562493,
          "std_beta": 1.8748258181700561,
          "stability": 0.9218263352634414,
          "sign_flip_rate": 0.015397775876817793
        }
      },
      "EURUSD": {
        "adx": {
          "mean_beta": 0.00016450017768292896,
          "std_beta": 0.0003126754944448931,
          "stability": 0.12531671260648705,
          "sign_flip_rate": 0.026380873866446827
        },
        "volatility": {
          "mean_beta": -3.4131051246360333,
          "std_beta": 3.6779533794484705,
          "stability": 0.927738074557419,
          "sign_flip_rate": 0.021434460016488046
        }
      }
    },
    "transitions": {
      "BTCUSDT": {
        "transition_matrix": [
          [
            0.753743760399209,
            0.2212978369383991,
            0.024958402662225463
          ],
          [
            0.22296173044921413,
            0.6039933444258562,
            0.17304492512476322
          ],
          [
            0.024916943521590542,
            0.17441860465113382,
            0.8006644518271094
          ]
        ],
        "persistence": [
          0.753743760399209,
          0.6039933444258562,
          0.8006644518271094
        ],
        "mean_persistence": 0.7194671855507249
      },
      "SPY": {
        "transition_matrix": [
          [
            0.781021897810029,
            0.2092457420924065,
            0.009732360097321233
          ],
          [
            0.2038834951455816,
            0.5970873786406318,
            0.19902912621354393
          ],
          [
            0.01703163017031216,
            0.19464720194642465,
            0.7883211678830199
          ]
        ],
        "persistence": [
          0.781021897810029,
          0.5970873786406318,
          0.7883211678830199
        ],
        "mean_persistence": 0.7221434814445602
      },
      "EURUSD": {
        "transition_matrix": [
          [
            0.7517564402808544,
            0.23653395784537787,
            0.011709601873533558
          ],
          [
            0.2347417840375036,
            0.582159624413009,
            0.1830985915492528
          ],
          [
            0.011764705882350174,
            0.18117647058819267,
            0.8070588235292219
          ]
        ],
        "persistence": [
          0.7517564402808544,
          0.582159624413009,
          0.8070588235292219
        ],
        "mean_persistence": 0.7136582960743617
      }
    },
    "predictability": {
      "BTCUSDT": {
        "h1": {
          "mean_oos_r2": -0.02802174000096887,
          "std_oos_r2": 0.045044811954198107
        },
        "h5": {
          "mean_oos_r2": -0.07639806120355064,
          "std_oos_r2": 0.06953639875102943
        },
        "h10": {
          "mean_oos_r2": -0.07967445196443657,
          "std_oos_r2": 0.037435576179924705
        }
      },
      "SPY": {
        "h1": {
          "mean_oos_r2": 0.07738771093302066,
          "std_oos_r2": 0.010799579093106032
        },
        "h5": {
          "mean_oos_r2": 0.011075792081982727,
          "std_oos_r2": 0.03200751689106942
        },
        "h10": {
          "mean_oos_r2": -0.05092055117908697,
          "std_oos_r2": 0.020732674597191456
        }
      },
      "EURUSD": {
        "h1": {
          "mean_oos_r2": -0.014178911395009153,
          "std_oos_r2": 0.019178650720455576
        },
        "h5": {
          "mean_oos_r2": -0.0431392106771273,
          "std_oos_r2": 0.0826676087762299
        },
        "h10": {
          "mean_oos_r2": -0.05789942120954161,
          "std_oos_r2": 0.04802349986601363
        }
      }
    },
    "mean_reversion": {
      "BTCUSDT": {
        "ar1_coefficient": 0.8439914762479919,
        "half_life_days": 4.086642273654927,
        "mean_si": 0.019208223524808103,
        "std_si": 0.010567510646277624
      },
      "SPY": {
        "ar1_coefficient": 0.8642172740905534,
        "half_life_days": 4.749826024668332,
        "mean_si": 0.022188765257160646,
        "std_si": 0.011179279967752554
      },
      "EURUSD": {
        "ar1_coefficient": 0.8689191873800591,
        "half_life_days": 4.933250957397209,
        "mean_si": 0.022131046423072682,
        "std_si": 0.011726277244159837
      }
    },
    "extremes": {
      "BTCUSDT": {
        "low_si_future_ret": -0.001979973126614835,
        "high_si_future_ret": 0.009909381760845201,
        "mid_si_future_ret": 0.004266007172370921,
        "extreme_spread": 0.011889354887460036
      },
      "SPY": {
        "low_si_future_ret": 0.0034880942540517846,
        "high_si_future_ret": 0.0029991341502859222,
        "mid_si_future_ret": 0.002828978696711849,
        "extreme_spread": -0.0004889601037658623
      },
      "EURUSD": {
        "low_si_future_ret": -0.0008713285145305312,
        "high_si_future_ret": -0.0032514946421327703,
        "mid_si_future_ret": 0.0003906204479791802,
        "extreme_spread": -0.002380166127602239
      }
    }
  }
}