{
  "finance": {
    "BTCUSDT": {
      "si_adx_corr": -0.2827857247435158,
      "coint_pval": 0.43866863741620193,
      "hurst": 0.9085830714689398,
      "n_days": 500
    },
    "SPY": {
      "si_adx_corr": -0.2827857247435158,
      "coint_pval": 0.43866863741620193,
      "hurst": 0.9085830714689398,
      "n_days": 500
    },
    "EURUSD": {
      "si_adx_corr": -0.2827857247435158,
      "coint_pval": 0.43866863741620193,
      "hurst": 0.9085830714689398,
      "n_days": 500
    }
  },
  "weather": {
    "Chicago": {
      "si_env_corr": 0.0321306284207004,
      "coint_pval": 0.00026392406709495537,
      "hurst": 0.8629004414957467,
      "n_days": 1821
    },
    "Houston": {
      "si_env_corr": -0.16560280103101666,
      "coint_pval": 3.63455393580581e-10,
      "hurst": 0.9027908678490729,
      "n_days": 1821
    },
    "Los_Angeles": {
      "si_env_corr": 0.030084569820315755,
      "coint_pval": 0.02527026240499985,
      "hurst": 0.8884447482436468,
      "n_days": 1821
    }
  },
  "traffic": {
    "NYC_Taxi": {
      "si_env_corr": -0.100026192378607,
      "coint_pval": 0.9115698074634175,
      "hurst": 0.9855167802224231,
      "n_days": 120
    }
  },
  "synthetic": {
    "Strong_Signal": {
      "si_env_corr": 0.05094158855228997,
      "coint_pval": 1.1695264765707552e-16,
      "hurst": 0.6515261840027392,
      "snr": 5.0
    },
    "Weak_Signal": {
      "si_env_corr": -0.07233752193389395,
      "coint_pval": 0.14455100890410938,
      "hurst": 0.8639287025658311,
      "snr": 0.5
    },
    "Random_Baseline": {
      "si_env_corr": -0.030795739796059537,
      "coint_pval": 1.0,
      "hurst": 1.005346492581493,
      "snr": 0.0
    }
  }
}