{
  "timestamp": "2026-01-17T23:42:57.337797",
  "discoveries": [
    "SI is NOT normally distributed in 5/5 assets",
    "t-distribution fits SI better than normal in BTCUSDT (df=655390198.2)",
    "t-distribution fits SI better than normal in SPY (df=266219165.4)",
    "4 asset pairs have statistically same SI distribution"
  ],
  "results": {
    "distribution_comparison": {
      "BTCUSDT": {
        "mean": 0.019208223524808103,
        "std": 0.010567510646277624,
        "skewness": 0.571909101366878,
        "kurtosis": -0.4080124410485819,
        "min": 0.0010941204679725258,
        "max": 0.04664904815066029,
        "median": 0.017216408128209015,
        "iqr": 0.012291670502522556
      },
      "ETHUSDT": {
        "mean": 0.019582534334700512,
        "std": 0.01010683161128546,
        "skewness": 0.5206592235293923,
        "kurtosis": -0.342243596517656,
        "min": 0.0011486389671750974,
        "max": 0.04664904815066029,
        "median": 0.017877392740190734,
        "iqr": 0.012203460670833888
      },
      "SPY": {
        "mean": 0.022188765257160646,
        "std": 0.011179279967752554,
        "skewness": 0.22556934935123663,
        "kurtosis": -0.8662720610732522,
        "min": 0.0011635897315120936,
        "max": 0.04664904815066029,
        "median": 0.019699002894404405,
        "iqr": 0.013890031318642915
      },
      "QQQ": {
        "mean": 0.02260210771679459,
        "std": 0.011151712651004887,
        "skewness": 0.2452707451787745,
        "kurtosis": -0.8959954822197846,
        "min": 0.001200245353563778,
        "max": 0.04664904815066029,
        "median": 0.019504377427517317,
        "iqr": 0.014613680874879242
      },
      "EURUSD": {
        "mean": 0.022131046423072682,
        "std": 0.011726277244159837,
        "skewness": 0.271946266793381,
        "kurtosis": -0.8960406118948923,
        "min": 0.0011001186130692453,
        "max": 0.04664904815066029,
        "median": 0.01945560058666118,
        "iqr": 0.014677862223495486
      }
    },
    "normality": {
      "BTCUSDT": {
        "shapiro_p": 2.9358932771616586e-25,
        "dagostino_p": 1.0346473183900846e-23,
        "ks_p": 1.324650055260228e-22,
        "is_normal": false
      },
      "ETHUSDT": {
        "shapiro_p": 9.29010880275663e-23,
        "dagostino_p": 2.641416905411793e-19,
        "ks_p": 1.4806294953048855e-20,
        "is_normal": false
      },
      "SPY": {
        "shapiro_p": 1.6205889296206178e-17,
        "dagostino_p": 5.6363001240171815e-33,
        "ks_p": 4.605875530540783e-09,
        "is_normal": false
      },
      "QQQ": {
        "shapiro_p": 5.582360195724233e-19,
        "dagostino_p": 5.935468718967791e-38,
        "ks_p": 1.9512242625333962e-13,
        "is_normal": false
      },
      "EURUSD": {
        "shapiro_p": 4.1102501240183376e-20,
        "dagostino_p": 6.017710793856442e-40,
        "ks_p": 4.277397458003255e-19,
        "is_normal": false
      }
    },
    "distribution_fitting": {
      "BTCUSDT": {
        "normal": {
          "ks_stat": 0.1186669195567922,
          "p": 1.324650055260228e-22
        },
        "t_dist": {
          "ks_stat": 0.11866556266118122,
          "p": 1.326201701803151e-22,
          "df": 655390198.2044785
        }
      },
      "ETHUSDT": {
        "normal": {
          "ks_stat": 0.11306656717604902,
          "p": 1.4806294953048855e-20
        },
        "t_dist": {
          "ks_stat": 0.11308277028233271,
          "p": 1.4610478762999032e-20,
          "df": 4867792.015970275
        }
      },
      "SPY": {
        "normal": {
          "ks_stat": 0.08952735448670923,
          "p": 4.605875530540783e-09
        },
        "t_dist": {
          "ks_stat": 0.08952532795515411,
          "p": 4.6100257539228225e-09,
          "df": 266219165.43851745
        }
      }
    },
    "change_distribution": {
      "BTCUSDT": {
        "mean": -1.1854270961851423e-05,
        "std": 0.005902733488549618,
        "skewness": -0.0073220951400314585,
        "kurtosis": -0.06343572591992341
      },
      "ETHUSDT": {
        "mean": -1.6182073465414425e-05,
        "std": 0.005852040664451624,
        "skewness": -0.0031540423369344622,
        "kurtosis": -0.02050960097994947
      },
      "SPY": {
        "mean": -2.0032220710169312e-05,
        "std": 0.005824899991281465,
        "skewness": -0.029861086964725825,
        "kurtosis": 0.18670285294525968
      },
      "QQQ": {
        "mean": -2.026713204862746e-05,
        "std": 0.005727642977088762,
        "skewness": 0.01021670898682666,
        "kurtosis": 0.2876283266662538
      },
      "EURUSD": {
        "mean": 2.3151574057425215e-05,
        "std": 0.006002008295640105,
        "skewness": -0.01002368380704981,
        "kurtosis": 0.2829765958076611
      }
    },
    "cross_asset_comparison": [
      {
        "pair": "BTCUSDT-ETHUSDT",
        "ks_stat": 0.04155124653739612,
        "p_value": 0.08862724775941015,
        "same_distribution": "True"
      },
      {
        "pair": "BTCUSDT-SPY",
        "ks_stat": 0.16573620285531643,
        "p_value": 4.700532645568834e-18,
        "same_distribution": "False"
      },
      {
        "pair": "BTCUSDT-QQQ",
        "ks_stat": 0.15580652034945663,
        "p_value": 5.327661362797694e-16,
        "same_distribution": "False"
      },
      {
        "pair": "BTCUSDT-EURUSD",
        "ks_stat": 0.1563942571130926,
        "p_value": 1.8980665102241386e-16,
        "same_distribution": "False"
      },
      {
        "pair": "ETHUSDT-SPY",
        "ks_stat": 0.1490730875772427,
        "p_value": 1.1126924403016677e-14,
        "same_distribution": "False"
      },
      {
        "pair": "ETHUSDT-QQQ",
        "ks_stat": 0.12780737268271894,
        "p_value": 6.721011106281778e-11,
        "same_distribution": "False"
      },
      {
        "pair": "ETHUSDT-EURUSD",
        "ks_stat": 0.1531372977936797,
        "p_value": 8.712893455906889e-16,
        "same_distribution": "False"
      },
      {
        "pair": "SPY-QQQ",
        "ks_stat": 0.03643724696356275,
        "p_value": 0.38537687595524533,
        "same_distribution": "True"
      },
      {
        "pair": "SPY-EURUSD",
        "ks_stat": 0.050389189428735125,
        "p_value": 0.07851240220778434,
        "same_distribution": "True"
      },
      {
        "pair": "QQQ-EURUSD",
        "ks_stat": 0.05139579567792399,
        "p_value": 0.06896112104440605,
        "same_distribution": "True"
      }
    ],
    "joint_distribution": {
      "BTCUSDT": {
        "spearman_r": 0.12298781899016137,
        "quadrant_probs": {
          "high_high": 0.26737076153418565,
          "low_high": 0.23235130628126738,
          "low_low": 0.2668148971650917,
          "high_low": 0.23235130628126738
        }
      },
      "ETHUSDT": {
        "spearman_r": 0.13922382705027123,
        "quadrant_probs": {
          "high_high": 0.2651473040578099,
          "low_high": 0.2340188993885492,
          "low_low": 0.26570316842690384,
          "high_low": 0.2340188993885492
        }
      },
      "SPY": {
        "spearman_r": 0.07033051330468977,
        "quadrant_probs": {
          "high_high": 0.25711960943856793,
          "low_high": 0.24165988608624897,
          "low_low": 0.25711960943856793,
          "high_low": 0.24247355573637103
        }
      }
    },
    "rolling_correlation": {
      "BTCUSDT": {
        "mean": 0.10739799592866504,
        "std": 0.2886899763117488,
        "pct_positive": 0.6612995974698103,
        "pct_strong_positive": 0.37780333525014376,
        "min": -0.7574153573300736,
        "max": 0.7343706585162547
      },
      "ETHUSDT": {
        "mean": 0.13701809007254562,
        "std": 0.2572909802320366,
        "pct_positive": 0.6762507188039103,
        "pct_strong_positive": 0.4013801035077631,
        "min": -0.5361489302584053,
        "max": 0.7037901533598003
      },