{
  "BTCUSDT": {
    "best_variant": "si_4h",
    "variant_correlations": {
      "si_raw": {
        "r": -0.008838759891572545,
        "p": 0.48286146549063247
      },
      "si_1h": {
        "r": -0.008838759891572545,
        "p": 0.48286146549063247
      },
      "si_4h": {
        "r": -0.010178086340233974,
        "p": 0.41917726931357957
      },
      "si_1d": {
        "r": -0.007524995230394666,
        "p": 0.550965567539698
      },
      "si_1w": {
        "r": 0.0078726173053982,
        "p": 0.5374542584922601
      },
      "dsi_dt": {
        "r": 0.009111218748299382,
        "p": 0.4695068527002336
      },
      "si_acceleration": {
        "r": 0.007732546370619421,
        "p": 0.5393571649232057
      },
      "si_std": {
        "r": -0.0029829160300302174,
        "p": 0.8131404329910313
      },
      "si_percentile": {
        "r": -0.010099181180668614,
        "p": 0.45045388067660586
      }
    },
    "momentum_effect": {
      "profit_when_rising": 9.328432129118869e-05,
      "profit_when_falling": -3.8246029798430006e-05,
      "momentum_helps": true
    },
    "stability_effect": {
      "stability_helps": true
    }
  },
  "ETHUSDT": {
    "best_variant": "si_1w",
    "variant_correlations": {
      "si_raw": {
        "r": 0.008920382619075127,
        "p": 0.47889830868200056
      },
      "si_1h": {
        "r": 0.008920382619075127,
        "p": 0.47889830868200056
      },
      "si_4h": {
        "r": 0.008977304620959336,
        "p": 0.47620199418612263
      },
      "si_1d": {
        "r": 0.006908975791564068,
        "p": 0.5840975295686623
      },
      "si_1w": {
        "r": 0.009051743322057156,
        "p": 0.4783760647755576
      },
      "dsi_dt": {
        "r": 0.0036319189956152487,
        "p": 0.7731445511207152
      },
      "si_acceleration": {
        "r": -0.0036942667942628606,
        "p": 0.7693773647330501
      },
      "si_std": {
        "r": -0.0041705973451306964,
        "p": 0.7410670049669189
      },
      "si_percentile": {
        "r": 0.008866541901228263,
        "p": 0.5076973637624594
      }
    },
    "momentum_effect": {
      "profit_when_rising": 0.00012465610349850621,
      "profit_when_falling": 8.719812969869947e-06,
      "momentum_helps": true
    },
    "stability_effect": {
      "stability_helps": false
    }
  },
  "SOLUSDT": {
    "best_variant": "si_1d",
    "variant_correlations": {
      "si_raw": {
        "r": -0.015001917271050345,
        "p": 0.23367359488265602
      },
      "si_1h": {
        "r": -0.015001917271050345,
        "p": 0.23367359488265602
      },
      "si_4h": {
        "r": -0.013489102890880861,
        "p": 0.28435580699468016
      },
      "si_1d": {
        "r": -0.01500936682569654,
        "p": 0.234296466143589
      },
      "si_1w": {
        "r": -0.005362117162450235,
        "p": 0.6744997832195965
      },
      "dsi_dt": {
        "r": -0.01265008544230308,
        "p": 0.31530659591136345
      },
      "si_acceleration": {
        "r": -0.006303836085140077,
        "p": 0.6168380915644183
      },
      "si_std": {
        "r": -0.002696891179015735,
        "p": 0.8307857542585229
      },
      "si_percentile": {
        "r": -0.011684743464955571,
        "p": 0.3826256824569757
      }
    },
    "momentum_effect": {
      "profit_when_rising": 3.343660619746349e-05,
      "profit_when_falling": 0.00015959844907085122,
      "momentum_helps": false
    },
    "stability_effect": {
      "stability_helps": false
    }
  }
}