{
  "timestamp": "2026-01-17T22:46:10.440859",
  "results": {
    "BTCUSDT": {
      "HY_CREDIT": {
        "level_r": 0.07915017470758494,
        "level_p": 0.005254824832305364,
        "diff_r": -0.028260037438983768,
        "diff_p": 0.31986505352303485
      },
      "IG_CREDIT": {
        "level_r": 0.06947448576341793,
        "level_p": 0.014328712814542378,
        "diff_r": -0.015367319928283767,
        "diff_p": 0.5886152975126612
      },
      "OIL": {
        "level_r": -0.08456331149242018,
        "level_p": 0.002836432836944322,
        "diff_r": 0.015787612630378214,
        "diff_p": 0.578152092494268
      },
      "US10Y": {
        "level_r": 0.01778777248178972,
        "level_p": 0.531121215042978,
        "diff_r": 0.014237452894840512,
        "diff_p": 0.6163186653359924
      },
      "SP500": {
        "level_r": 0.055570523224603874,
        "level_p": 0.050234868873753995,
        "diff_r": -0.04242152049654036,
        "diff_p": 0.13528425031362595
      },
      "DXY": {
        "level_r": -0.03390243681308487,
        "level_p": 0.23212868995963112,
        "diff_r": -0.030274766595034197,
        "diff_p": 0.28617781322747743
      },
      "GOLD": {
        "level_r": 0.0327591120028357,
        "level_p": 0.2482645879518383,
        "diff_r": -0.02238353420388485,
        "diff_p": 0.43042576679361866
      },
      "VIX": {
        "level_r": -0.053226255671117495,
        "level_p": 0.06075952473920402,
        "diff_r": 0.014609532326187577,
        "diff_p": 0.6071324940637034
      }
    },
    "SPY": {},
    "EURUSD": {
      "HY_CREDIT": {
        "level_r": -0.05873436191838413,
        "level_p": 0.19203598382594872,
        "diff_r": 0.010031605460164785,
        "diff_p": 0.8239991386945861
      },
      "IG_CREDIT": {
        "level_r": 0.004992443400824392,
        "level_p": 0.9117791280218897,
        "diff_r": 0.061665341940981784,
        "diff_p": 0.17118341344049165
      },
      "OIL": {
        "level_r": -0.0719184162891281,
        "level_p": 0.10965849696693,
        "diff_r": -0.009888631967860547,
        "diff_p": 0.8262938267743516
      },
      "US10Y": {
        "level_r": -0.08363769535942486,
        "level_p": 0.06297391045649371,
        "diff_r": -0.037592597360537064,
        "diff_p": 0.4044414471800649
      },
      "SP500": {
        "level_r": -0.04122044420729768,
        "level_p": 0.3601037584958192,
        "diff_r": 0.023689034077290085,
        "diff_p": 0.5994059489749893
      },
      "DXY": {
        "level_r": -0.07567618904852114,
        "level_p": 0.09226843836536618,
        "diff_r": -0.008894020897014415,
        "diff_p": 0.8435277538447534
      },
      "GOLD": {
        "level_r": -0.034565603190847574,
        "level_p": 0.4424279102863554,
        "diff_r": -0.004698969412086208,
        "diff_p": 0.9169457728274271
      },
      "VIX": {
        "level_r": 0.005168639087799991,
        "level_p": 0.9086789530223839,
        "diff_r": 0.025504205447010327,
        "diff_p": 0.57172335000404
      }
    }
  },
  "discoveries": []
}